Workbook

Sheet Proyección Comunal
A1: Proyección de Población — Rengo 2024–2035
A3: Año | B3: Geométrico | C3: Polinomial | D3: Logístico | E3: INE corr. | F3: Componentes | G3: Bajo | H3: Medio | I3: Alto
A4: 2024 | B4: =ROUND('Parámetros'!$B$6*(1+'Parámetros'!$B$7)^(A4-2024),0) -> 63620 | C4: =ROUND('Parámetros'!$B$8+'Parámetros'!$B$10*(A4-2002)+'Parámetros'!$B$9*(A4-2002)^2,0) -> 63620 | D4: =ROUND('Parámetros'!$B$11/(1+'Parámetros'!$B$12*EXP(-'Parámetros'!$B$13*(A4-2024))),0) -> 63320 | E4: {=ROUND(INDEX('Serie INE b2017'!$B$4:$B$37,A4-2001)*'Parámetros'!$B$14,0)} -> 63405 | F4: ='Parámetros'!$B$6 -> 63620 | G4: =MIN(B4:F4) -> 63320 | H4: =MEDIAN(B4:F4) -> 63620 | I4: =MAX(B4:F4) -> 63620
A5: 2025 | B5: =ROUND('Parámetros'!$B$6*(1+'Parámetros'!$B$7)^(A5-2024),0) -> 64299 | C5: =ROUND('Parámetros'!$B$8+'Parámetros'!$B$10*(A5-2002)+'Parámetros'!$B$9*(A5-2002)^2,0) -> 64360 | D5: =ROUND('Parámetros'!$B$11/(1+'Parámetros'!$B$12*EXP(-'Parámetros'!$B$13*(A5-2024))),0) -> 63898 | E5: {=ROUND(INDEX('Serie INE b2017'!$B$4:$B$37,A5-2001)*'Parámetros'!$B$14,0)} -> 63837 | F5: =ROUND(F4*(1+('Parámetros'!$B$15+'Parámetros'!$B$16*(A5-2025))/1000),0) -> 63992 | G5: =MIN(B5:F5) -> 63837 | H5: =MEDIAN(B5:F5) -> 63992 | I5: =MAX(B5:F5) -> 64360
A6: 2026 | B6: =ROUND('Parámetros'!$B$6*(1+'Parámetros'!$B$7)^(A6-2024),0) -> 64985 | C6: =ROUND('Parámetros'!$B$8+'Parámetros'!$B$10*(A6-2002)+'Parámetros'!$B$9*(A6-2002)^2,0) -> 65114 | D6: =ROUND('Parámetros'!$B$11/(1+'Parámetros'!$B$12*EXP(-'Parámetros'!$B$13*(A6-2024))),0) -> 64475 | E6: {=ROUND(INDEX('Serie INE b2017'!$B$4:$B$37,A6-2001)*'Parámetros'!$B$14,0)} -> 64253 | F6: =ROUND(F5*(1+('Parámetros'!$B$15+'Parámetros'!$B$16*(A6-2025))/1000),0) -> 64346 | G6: =MIN(B6:F6) -> 64253 | H6: =MEDIAN(B6:F6) -> 64475 | I6: =MAX(B6:F6) -> 65114
A7: 2027 | B7: =ROUND('Parámetros'!$B$6*(1+'Parámetros'!$B$7)^(A7-2024),0) -> 65678 | C7: =ROUND('Parámetros'!$B$8+'Parámetros'!$B$10*(A7-2002)+'Parámetros'!$B$9*(A7-2002)^2,0) -> 65882 | D7: =ROUND('Parámetros'!$B$11/(1+'Parámetros'!$B$12*EXP(-'Parámetros'!$B$13*(A7-2024))),0) -> 65052 | E7: {=ROUND(INDEX('Serie INE b2017'!$B$4:$B$37,A7-2001)*'Parámetros'!$B$14,0)} -> 64647 | F7: =ROUND(F6*(1+('Parámetros'!$B$15+'Parámetros'!$B$16*(A7-2025))/1000),0) -> 64681 | G7: =MIN(B7:F7) -> 64647 | H7: =MEDIAN(B7:F7) -> 65052 | I7: =MAX(B7:F7) -> 65882
A8: 2028 | B8: =ROUND('Parámetros'!$B$6*(1+'Parámetros'!$B$7)^(A8-2024),0) -> 66379 | C8: =ROUND('Parámetros'!$B$8+'Parámetros'!$B$10*(A8-2002)+'Parámetros'!$B$9*(A8-2002)^2,0) -> 66664 | D8: =ROUND('Parámetros'!$B$11/(1+'Parámetros'!$B$12*EXP(-'Parámetros'!$B$13*(A8-2024))),0) -> 65628 | E8: {=ROUND(INDEX('Serie INE b2017'!$B$4:$B$37,A8-2001)*'Parámetros'!$B$14,0)} -> 65019 | F8: =ROUND(F7*(1+('Parámetros'!$B$15+'Parámetros'!$B$16*(A8-2025))/1000),0) -> 64997 | G8: =MIN(B8:F8) -> 64997 | H8: =MEDIAN(B8:F8) -> 65628 | I8: =MAX(B8:F8) -> 66664
A9: 2029 | B9: =ROUND('Parámetros'!$B$6*(1+'Parámetros'!$B$7)^(A9-2024),0) -> 67087 | C9: =ROUND('Parámetros'!$B$8+'Parámetros'!$B$10*(A9-2002)+'Parámetros'!$B$9*(A9-2002)^2,0) -> 67460 | D9: =ROUND('Parámetros'!$B$11/(1+'Parámetros'!$B$12*EXP(-'Parámetros'!$B$13*(A9-2024))),0) -> 66203 | E9: {=ROUND(INDEX('Serie INE b2017'!$B$4:$B$37,A9-2001)*'Parámetros'!$B$14,0)} -> 65369 | F9: =ROUND(F8*(1+('Parámetros'!$B$15+'Parámetros'!$B$16*(A9-2025))/1000),0) -> 65293 | G9: =MIN(B9:F9) -> 65293 | H9: =MEDIAN(B9:F9) -> 66203 | I9: =MAX(B9:F9) -> 67460
A10: 2030 | B10: =ROUND('Parámetros'!$B$6*(1+'Parámetros'!$B$7)^(A10-2024),0) -> 67803 | C10: =ROUND('Parámetros'!$B$8+'Parámetros'!$B$10*(A10-2002)+'Parámetros'!$B$9*(A10-2002)^2,0) -> 68269 | D10: =ROUND('Parámetros'!$B$11/(1+'Parámetros'!$B$12*EXP(-'Parámetros'!$B$13*(A10-2024))),0) -> 66777 | E10: {=ROUND(INDEX('Serie INE b2017'!$B$4:$B$37,A10-2001)*'Parámetros'!$B$14,0)} -> 65695 | F10: =ROUND(F9*(1+('Parámetros'!$B$15+'Parámetros'!$B$16*(A10-2025))/1000),0) -> 65569 | G10: =MIN(B10:F10) -> 65569 | H10: =MEDIAN(B10:F10) -> 66777 | I10: =MAX(B10:F10) -> 68269
A11: 2031 | B11: =ROUND('Parámetros'!$B$6*(1+'Parámetros'!$B$7)^(A11-2024),0) -> 68526 | C11: =ROUND('Parámetros'!$B$8+'Parámetros'!$B$10*(A11-2002)+'Parámetros'!$B$9*(A11-2002)^2,0) -> 69092 | D11: =ROUND('Parámetros'!$B$11/(1+'Parámetros'!$B$12*EXP(-'Parámetros'!$B$13*(A11-2024))),0) -> 67350 | E11: {=ROUND(INDEX('Serie INE b2017'!$B$4:$B$37,A11-2001)*'Parámetros'!$B$14,0)} -> 65999 | F11: =ROUND(F10*(1+('Parámetros'!$B$15+'Parámetros'!$B$16*(A11-2025))/1000),0) -> 65825 | G11: =MIN(B11:F11) -> 65825 | H11: =MEDIAN(B11:F11) -> 67350 | I11: =MAX(B11:F11) -> 69092
A12: 2032 | B12: =ROUND('Parámetros'!$B$6*(1+'Parámetros'!$B$7)^(A12-2024),0) -> 69257 | C12: =ROUND('Parámetros'!$B$8+'Parámetros'!$B$10*(A12-2002)+'Parámetros'!$B$9*(A12-2002)^2,0) -> 69929 | D12: =ROUND('Parámetros'!$B$11/(1+'Parámetros'!$B$12*EXP(-'Parámetros'!$B$13*(A12-2024))),0) -> 67922 | E12: {=ROUND(INDEX('Serie INE b2017'!$B$4:$B$37,A12-2001)*'Parámetros'!$B$14,0)} -> 66280 | F12: =ROUND(F11*(1+('Parámetros'!$B$15+'Parámetros'!$B$16*(A12-2025))/1000),0) -> 66061 | G12: =MIN(B12:F12) -> 66061 | H12: =MEDIAN(B12:F12) -> 67922 | I12: =MAX(B12:F12) -> 69929
A13: 2033 | B13: =ROUND('Parámetros'!$B$6*(1+'Parámetros'!$B$7)^(A13-2024),0) -> 69996 | C13: =ROUND('Parámetros'!$B$8+'Parámetros'!$B$10*(A13-2002)+'Parámetros'!$B$9*(A13-2002)^2,0) -> 70780 | D13: =ROUND('Parámetros'!$B$11/(1+'Parámetros'!$B$12*EXP(-'Parámetros'!$B$13*(A13-2024))),0) -> 68493 | E13: {=ROUND(INDEX('Serie INE b2017'!$B$4:$B$37,A13-2001)*'Parámetros'!$B$14,0)} -> 66535 | F13: =ROUND(F12*(1+('Parámetros'!$B$15+'Parámetros'!$B$16*(A13-2025))/1000),0) -> 66276 | G13: =MIN(B13:F13) -> 66276 | H13: =MEDIAN(B13:F13) -> 68493 | I13: =MAX(B13:F13) -> 70780
A14: 2034 | B14: =ROUND('Parámetros'!$B$6*(1+'Parámetros'!$B$7)^(A14-2024),0) -> 70743 | C14: =ROUND('Parámetros'!$B$8+'Parámetros'!$B$10*(A14-2002)+'Parámetros'!$B$9*(A14-2002)^2,0) -> 71645 | D14: =ROUND('Parámetros'!$B$11/(1+'Parámetros'!$B$12*EXP(-'Parámetros'!$B$13*(A14-2024))),0) -> 69063 | E14: {=ROUND(INDEX('Serie INE b2017'!$B$4:$B$37,A14-2001)*'Parámetros'!$B$14,0)} -> 66762 | F14: =ROUND(F13*(1+('Parámetros'!$B$15+'Parámetros'!$B$16*(A14-2025))/1000),0) -> 66470 | G14: =MIN(B14:F14) -> 66470 | H14: =MEDIAN(B14:F14) -> 69063 | I14: =MAX(B14:F14) -> 71645
A15: 2035 | B15: =ROUND('Parámetros'!$B$6*(1+'Parámetros'!$B$7)^(A15-2024),0) -> 71498 | C15: =ROUND('Parámetros'!$B$8+'Parámetros'!$B$10*(A15-2002)+'Parámetros'!$B$9*(A15-2002)^2,0) -> 72523 | D15: =ROUND('Parámetros'!$B$11/(1+'Parámetros'!$B$12*EXP(-'Parámetros'!$B$13*(A15-2024))),0) -> 69631 | E15: {=ROUND(INDEX('Serie INE b2017'!$B$4:$B$37,A15-2001)*'Parámetros'!$B$14,0)} -> 66964 | F15: =ROUND(F14*(1+('Parámetros'!$B$15+'Parámetros'!$B$16*(A15-2025))/1000),0) -> 66643 | G15: =MIN(B15:F15) -> 66643 | H15: =MEDIAN(B15:F15) -> 69631 | I15: =MAX(B15:F15) -> 72523
A17: FÓRMULAS POR MÉTODO:
A18: • Geométrico: P(t) = Censo2024 × (1 + r)^(año−2024), con r de la hoja Parámetros.
A19: • Polinomial: P(t) = a + b·(año−2002) + c·(año−2002)², parábola ajustada a los censos 2002/2017/2024.
A20: • Logístico (Verhulst): P(t) = K / (1 + A·e^(−r·(año−2024))).
A21: • INE corr.: serie INE base 2017 (original) × factor de corrección 0,9638.
A22: • Componentes: P(t) = P(t−1) × (1 + tasa_neta(t)/1000); la tasa neta parte en 5,855‰ y decrece 0,325‰/año.
A23: • Bajo / Medio / Alto: mínimo, mediana y máximo de los cinco métodos en cada año (=MIN, =MEDIAN, =MAX).
A24: Fuente: Elaboración propia a partir de Censos INE 2002/2017/2024 y EEPP base 2017.

Sheet Estructura Etaria
A1: Estructura Etaria y Dependencia — Escenario Medio
A3: Año | B3: Población | C3: 0-14 | D3: 15-64 | E3: 65+ | F3: % 0-14 | G3: % 65+ | H3: IE | I3: Dep. total | J3: Dep. juvenil | K3: Dep. vejez
A4: 2024 | B4: ='Proyección Comunal'!H4 -> 63620 | C4: 12203 | D4: =B4-C4-E4 -> 42621 | E4: 8796 | F4: =C4/B4 -> 0.19181075 | G4: =E4/B4 -> 0.13825841 | H4: =ROUND(E4/C4*100,1) -> 72.1 | I4: =ROUND((C4+E4)/D4*100,1) -> 49.3 | J4: =ROUND(C4/D4*100,1) -> 28.6 | K4: =ROUND(E4/D4*100,1) -> 20.6
A5: 2025 | B5: ='Proyección Comunal'!H5 -> 63992 | C5: 12088 | D5: =B5-C5-E5 -> 42845 | E5: 9059 | F5: =C5/B5 -> 0.18889861 | G5: =E5/B5 -> 0.14156457 | H5: =ROUND(E5/C5*100,1) -> 74.9 | I5: =ROUND((C5+E5)/D5*100,1) -> 49.4 | J5: =ROUND(C5/D5*100,1) -> 28.2 | K5: =ROUND(E5/D5*100,1) -> 21.1
A6: 2026 | B6: ='Proyección Comunal'!H6 -> 64475 | C6: 12006 | D6: =B6-C6-E6 -> 43138 | E6: 9331 | F6: =C6/B6 -> 0.18621171 | G6: =E6/B6 -> 0.14472276 | H6: =ROUND(E6/C6*100,1) -> 77.7 | I6: =ROUND((C6+E6)/D6*100,1) -> 49.5 | J6: =ROUND(C6/D6*100,1) -> 27.8 | K6: =ROUND(E6/D6*100,1) -> 21.6
A7: 2027 | B7: ='Proyección Comunal'!H7 -> 65052 | C7: 11951 | D7: =B7-C7-E7 -> 43494 | E7: 9607 | F7: =C7/B7 -> 0.18371457 | G7: =E7/B7 -> 0.14768185 | H7: =ROUND(E7/C7*100,1) -> 80.4 | I7: =ROUND((C7+E7)/D7*100,1) -> 49.6 | J7: =ROUND(C7/D7*100,1) -> 27.5 | K7: =ROUND(E7/D7*100,1) -> 22.1
A8: 2028 | B8: ='Proyección Comunal'!H8 -> 65628 | C8: 11905 | D8: =B8-C8-E8 -> 43846 | E8: 9877 | F8: =C8/B8 -> 0.18140123 | G8: =E8/B8 -> 0.15049979 | H8: =ROUND(E8/C8*100,1) -> 83 | I8: =ROUND((C8+E8)/D8*100,1) -> 49.7 | J8: =ROUND(C8/D8*100,1) -> 27.2 | K8: =ROUND(E8/D8*100,1) -> 22.5
A9: 2029 | B9: ='Proyección Comunal'!H9 -> 66203 | C9: 11871 | D9: =B9-C9-E9 -> 44194 | E9: 10138 | F9: =C9/B9 -> 0.17931212 | G9: =E9/B9 -> 0.15313505 | H9: =ROUND(E9/C9*100,1) -> 85.4 | I9: =ROUND((C9+E9)/D9*100,1) -> 49.8 | J9: =ROUND(C9/D9*100,1) -> 26.9 | K9: =ROUND(E9/D9*100,1) -> 22.9
A10: 2030 | B10: ='Proyección Comunal'!H10 -> 66777 | C10: 11847 | D10: =B10-C10-E10 -> 44540 | E10: 10390 | F10: =C10/B10 -> 0.17741138 | G10: =E10/B10 -> 0.15559249 | H10: =ROUND(E10/C10*100,1) -> 87.7 | I10: =ROUND((C10+E10)/D10*100,1) -> 49.9 | J10: =ROUND(C10/D10*100,1) -> 26.6 | K10: =ROUND(E10/D10*100,1) -> 23.3
A11: 2031 | B11: ='Proyección Comunal'!H11 -> 67350 | C11: 11834 | D11: =B11-C11-E11 -> 44882 | E11: 10634 | F11: =C11/B11 -> 0.17570898 | G11: =E11/B11 -> 0.15789161 | H11: =ROUND(E11/C11*100,1) -> 89.9 | I11: =ROUND((C11+E11)/D11*100,1) -> 50.1 | J11: =ROUND(C11/D11*100,1) -> 26.4 | K11: =ROUND(E11/D11*100,1) -> 23.7
A12: 2032 | B12: ='Proyección Comunal'!H12 -> 67922 | C12: 11833 | D12: =B12-C12-E12 -> 45221 | E12: 10868 | F12: =C12/B12 -> 0.17421454 | G12: =E12/B12 -> 0.16000707 | H12: =ROUND(E12/C12*100,1) -> 91.8 | I12: =ROUND((C12+E12)/D12*100,1) -> 50.2 | J12: =ROUND(C12/D12*100,1) -> 26.2 | K12: =ROUND(E12/D12*100,1) -> 24
A13: 2033 | B13: ='Proyección Comunal'!H13 -> 68493 | C13: 11843 | D13: =B13-C13-E13 -> 45556 | E13: 11094 | F13: =C13/B13 -> 0.17290818 | G13: =E13/B13 -> 0.16197276 | H13: =ROUND(E13/C13*100,1) -> 93.7 | I13: =ROUND((C13+E13)/D13*100,1) -> 50.3 | J13: =ROUND(C13/D13*100,1) -> 26 | K13: =ROUND(E13/D13*100,1) -> 24.4
A14: 2034 | B14: ='Proyección Comunal'!H14 -> 69063 | C14: 11865 | D14: =B14-C14-E14 -> 45888 | E14: 11310 | F14: =C14/B14 -> 0.17179966 | G14: =E14/B14 -> 0.16376352 | H14: =ROUND(E14/C14*100,1) -> 95.3 | I14: =ROUND((C14+E14)/D14*100,1) -> 50.5 | J14: =ROUND(C14/D14*100,1) -> 25.9 | K14: =ROUND(E14/D14*100,1) -> 24.6
A15: 2035 | B15: ='Proyección Comunal'!H15 -> 69631 | C15: 11900 | D15: =B15-C15-E15 -> 46216 | E15: 11515 | F15: =C15/B15 -> 0.17090089 | G15: =E15/B15 -> 0.16537175 | H15: =ROUND(E15/C15*100,1) -> 96.8 | I15: =ROUND((C15+E15)/D15*100,1) -> 50.7 | J15: =ROUND(C15/D15*100,1) -> 25.7 | K15: =ROUND(E15/D15*100,1) -> 24.9
A17: FÓRMULAS:
A18: • Población = escenario Medio de la hoja Proyección Comunal (vínculo).
A19: • 0-14 y 65+ = salida del modelo de estructura etaria (interpolación 2017-2024 + extrapolación tendencial, calibrada al Censo 2024).
A20: • 15-64 = Población − (0-14) − (65+). • % 0-14 = (0-14)/Población. • % 65+ = (65+)/Población.
A21: • IE = (65+)/(0-14)×100. • Dep. total = (0-14 + 65+)/(15-64)×100. • Dep. juvenil = (0-14)/(15-64)×100. • Dep. vejez = (65+)/(15-64)×100.

Sheet Distritos 2024
A1: Perfil Demográfico por Distrito — Censo 2024
A3: Distrito | B3: Tipo | C3: Población | D3: Hombres | E3: Mujeres | F3: 0-14 | G3: 15-64 | H3: 65+ | I3: IE | J3: IM | K3: Hogares | L3: Ocupados | M3: Desocupados | N3: Desoc.% | O3: Inmigrantes | P3: PP.OO.
A4: CÓBIL | B4: rural | C4: 1700 | D4: 784 | E4: 916 | F4: 411 | G4: 1112 | H4: 177 | I4: =IF(F4=0,"",ROUND(H4/F4*100,1)) -> 43.1 | J4: =IF(E4=0,"",ROUND(D4/E4*100,1)) -> 85.6 | K4: 580 | L4: 701 | M4: 73 | N4: =IF((L4+M4)=0,"",ROUND(M4/(L4+M4)*100,1)) -> 9.4 | O4: 37 | P4: 66
A5: CHAPETÓN | B5: mixto | C5: 9256 | D5: 4475 | E5: 4781 | F5: 2205 | G5: 6043 | H5: 1008 | I5: =IF(F5=0,"",ROUND(H5/F5*100,1)) -> 45.7 | J5: =IF(E5=0,"",ROUND(D5/E5*100,1)) -> 93.6 | K5: 3179 | L5: 4141 | M5: 249 | N5: =IF((L5+M5)=0,"",ROUND(M5/(L5+M5)*100,1)) -> 5.7 | O5: 384 | P5: 507
A6: MALAMBO | B6: rural | C6: 0 | D6: 0 | E6: 0 | F6: 0 | G6: 0 | H6: 0 | I6: =IF(F6=0,"",ROUND(H6/F6*100,1)) | J6: =IF(E6=0,"",ROUND(D6/E6*100,1)) | K6: 0 | L6: 0 | M6: 0 | N6: =IF((L6+M6)=0,"",ROUND(M6/(L6+M6)*100,1)) | O6: 0 | P6: 0
A7: CÉSARES | B7: urbano | C7: 32401 | D7: 15449 | E7: 16952 | F7: 5917 | G7: 21649 | H7: 4835 | I7: =IF(F7=0,"",ROUND(H7/F7*100,1)) -> 81.7 | J7: =IF(E7=0,"",ROUND(D7/E7*100,1)) -> 91.1 | K7: 11565 | L7: 13586 | M7: 1502 | N7: =IF((L7+M7)=0,"",ROUND(M7/(L7+M7)*100,1)) -> 10 | O7: 1883 | P7: 1774
A8: POPETA | B8: rural | C8: 583 | D8: 309 | E8: 274 | F8: 86 | G8: 383 | H8: 114 | I8: =IF(F8=0,"",ROUND(H8/F8*100,1)) -> 132.6 | J8: =IF(E8=0,"",ROUND(D8/E8*100,1)) -> 112.8 | K8: 208 | L8: 240 | M8: 14 | N8: =IF((L8+M8)=0,"",ROUND(M8/(L8+M8)*100,1)) -> 5.5 | O8: 0 | P8: 0
A9: CHANQUEAHUE | B9: rural | C9: 737 | D9: 364 | E9: 373 | F9: 112 | G9: 489 | H9: 136 | I9: =IF(F9=0,"",ROUND(H9/F9*100,1)) -> 121.4 | J9: =IF(E9=0,"",ROUND(D9/E9*100,1)) -> 97.6 | K9: 267 | L9: 311 | M9: 16 | N9: =IF((L9+M9)=0,"",ROUND(M9/(L9+M9)*100,1)) -> 4.9 | O9: 6 | P9: 39
A10: LO DE LOBO | B10: rural | C10: 1114 | D10: 558 | E10: 556 | F10: 182 | G10: 736 | H10: 196 | I10: =IF(F10=0,"",ROUND(H10/F10*100,1)) -> 107.7 | J10: =IF(E10=0,"",ROUND(D10/E10*100,1)) -> 100.4 | K10: 389 | L10: 472 | M10: 41 | N10: =IF((L10+M10)=0,"",ROUND(M10/(L10+M10)*100,1)) -> 8 | O10: 7 | P10: 43
A11: ROSARIO | B11: mixto | C11: 4696 | D11: 2334 | E11: 2362 | F11: 885 | G11: 3150 | H11: 661 | I11: =IF(F11=0,"",ROUND(H11/F11*100,1)) -> 74.7 | J11: =IF(E11=0,"",ROUND(D11/E11*100,1)) -> 98.8 | K11: 1658 | L11: 2104 | M11: 198 | N11: =IF((L11+M11)=0,"",ROUND(M11/(L11+M11)*100,1)) -> 8.6 | O11: 295 | P11: 329
A12: APALTA | B12: mixto | C12: 1452 | D12: 712 | E12: 740 | F12: 237 | G12: 961 | H12: 254 | I12: =IF(F12=0,"",ROUND(H12/F12*100,1)) -> 107.2 | J12: =IF(E12=0,"",ROUND(D12/E12*100,1)) -> 96.2 | K12: 491 | L12: 624 | M12: 72 | N12: =IF((L12+M12)=0,"",ROUND(M12/(L12+M12)*100,1)) -> 10.3 | O12: 34 | P12: 51
A13: ROSARIO PONIENTE | B13: rural | C13: 2069 | D13: 1052 | E13: 1017 | F13: 362 | G13: 1389 | H13: 318 | I13: =IF(F13=0,"",ROUND(H13/F13*100,1)) -> 87.8 | J13: =IF(E13=0,"",ROUND(D13/E13*100,1)) -> 103.4 | K13: 682 | L13: 818 | M13: 92 | N13: =IF((L13+M13)=0,"",ROUND(M13/(L13+M13)*100,1)) -> 10.1 | O13: 9 | P13: 69
A14: ESMERALDA | B14: mixto | C14: 1910 | D14: 957 | E14: 953 | F14: 344 | G14: 1271 | H14: 295 | I14: =IF(F14=0,"",ROUND(H14/F14*100,1)) -> 85.8 | J14: =IF(E14=0,"",ROUND(D14/E14*100,1)) -> 100.4 | K14: 626 | L14: 799 | M14: 105 | N14: =IF((L14+M14)=0,"",ROUND(M14/(L14+M14)*100,1)) -> 11.6 | O14: 34 | P14: 146
A15: TOTAL COMUNA | C15: =SUM(C4:C14) -> 55918 | D15: =SUM(D4:D14) -> 26994 | E15: =SUM(E4:E14) -> 28924 | F15: =SUM(F4:F14) -> 10741 | G15: =SUM(G4:G14) -> 37183 | H15: =SUM(H4:H14) -> 7994 | I15: =ROUND(H15/F15*100,1) -> 74.4 | J15: =ROUND(D15/E15*100,1) -> 93.3 | K15: =SUM(K4:K14) -> 19645 | L15: =SUM(L4:L14) -> 23796 | M15: =SUM(M4:M14) -> 2362 | N15: =ROUND(M15/(L15+M15)*100,1) -> 9 | O15: =SUM(O4:O14) -> 2689 | P15: =SUM(P4:P14) -> 3024
A17: FÓRMULAS:
A18: • IE (índice de envejecimiento) = (65+)/(0-14)×100. • IM (índice de masculinidad) = Hombres/Mujeres×100.
A19: • Desoc.% = Desocupados/(Ocupados + Desocupados)×100. Datos de conteo: base manzana-entidad Censo 2024 (georreferenciados).
A20: Nota: MALAMBO sin población georreferenciada (n_per=0); sus indicadores quedan vacíos.

Sheet Comparativo 2024-2035
A1: Comparativo Distrital — 2024 vs. 2035 (escenario medio)
A3: Distrito | B3: Tipo | C3: Pob. 2024 | D3: Pob. 2035 | E3: Var.% | F3: IE 2024 | G3: IE 2035 | H3: Δ IE | J3: aux: Censo 2017 | K3: part. 2017 | L3: part. 2024 | M3: part. 2035
A4: ='Distritos 2024'!A4 -> CÓBIL | B4: ='Distritos 2024'!B4 -> rural | C4: ='Distritos 2024'!C4 -> 1700 | D4: =ROUND(M4/SUM($M$4:$M$14)*$C$15*('Proyección Comunal'!$H$15/'Proyección Comunal'!$H$4),0) -> 1042 | E4: =IF(C4=0,"",(D4-C4)/C4) -> -0.38705882 | F4: ='Distritos 2024'!I4 -> 43.1 | G4: =IF(F4="","",ROUND(F4*'Parámetros'!$B$21/'Parámetros'!$B$20,1)) -> 57.9 | H4: =IF(F4="","",G4-F4) -> 14.8 | J4: 2269 | K4: =J4/'Parámetros'!$B$5 -> 0.038572036 | L4: =IF($C$15=0,0,C4/$C$15) -> 0.03040166 | M4: =MAX(0,L4+(L4-K4)/7*11) -> 0.017562497
A5: ='Distritos 2024'!A5 -> CHAPETÓN | B5: ='Distritos 2024'!B5 -> mixto | C5: ='Distritos 2024'!C5 -> 9256 | D5: =ROUND(M5/SUM($M$4:$M$14)*$C$15*('Proyección Comunal'!$H$15/'Proyección Comunal'!$H$4),0) -> 17340 | E5: =IF(C5=0,"",(D5-C5)/C5) -> 0.87337943 | F5: ='Distritos 2024'!I5 -> 45.7 | G5: =IF(F5="","",ROUND(F5*'Parámetros'!$B$21/'Parámetros'!$B$20,1)) -> 61.4 | H5: =IF(F5="","",G5-F5) -> 15.7 | J5: 4992 | K5: =J5/'Parámetros'!$B$5 -> 0.084861878 | L5: =IF($C$15=0,0,C5/$C$15) -> 0.16552809 | M5: =MAX(0,L5+(L5-K5)/7*11) -> 0.29228929
A6: ='Distritos 2024'!A6 -> MALAMBO | B6: ='Distritos 2024'!B6 -> rural | C6: ='Distritos 2024'!C6 -> 0 | D6: =ROUND(M6/SUM($M$4:$M$14)*$C$15*('Proyección Comunal'!$H$15/'Proyección Comunal'!$H$4),0) -> 0 | E6: =IF(C6=0,"",(D6-C6)/C6) | F6: ='Distritos 2024'!I6 | G6: =IF(F6="","",ROUND(F6*'Parámetros'!$B$21/'Parámetros'!$B$20,1)) | H6: =IF(F6="","",G6-F6) | J6: 432 | K6: =J6/'Parámetros'!$B$5 -> 0.0073438164 | L6: =IF($C$15=0,0,C6/$C$15) -> 0 | M6: =MAX(0,L6+(L6-K6)/7*11) -> 0
A7: ='Distritos 2024'!A7 -> CÉSARES | B7: ='Distritos 2024'!B7 -> urbano | C7: ='Distritos 2024'!C7 -> 32401 | D7: =ROUND(M7/SUM($M$4:$M$14)*$C$15*('Proyección Comunal'!$H$15/'Proyección Comunal'!$H$4),0) -> 34641 | E7: =IF(C7=0,"",(D7-C7)/C7) -> 0.069133669 | F7: ='Distritos 2024'!I7 -> 81.7 | G7: =IF(F7="","",ROUND(F7*'Parámetros'!$B$21/'Parámetros'!$B$20,1)) -> 109.7 | H7: =IF(F7="","",G7-F7) -> 28 | J7: 33917 | K7: =J7/'Parámetros'!$B$5 -> 0.57657459 | L7: =IF($C$15=0,0,C7/$C$15) -> 0.57943775 | M7: =MAX(0,L7+(L7-K7)/7*11) -> 0.583937
A8: ='Distritos 2024'!A8 -> POPETA | B8: ='Distritos 2024'!B8 -> rural | C8: ='Distritos 2024'!C8 -> 583 | D8: =ROUND(M8/SUM($M$4:$M$14)*$C$15*('Proyección Comunal'!$H$15/'Proyección Comunal'!$H$4),0) -> 33 | E8: =IF(C8=0,"",(D8-C8)/C8) -> -0.94339623 | F8: ='Distritos 2024'!I8 -> 132.6 | G8: =IF(F8="","",ROUND(F8*'Parámetros'!$B$21/'Parámetros'!$B$20,1)) -> 178 | H8: =IF(F8="","",G8-F8) -> 45.4 | J8: 983 | K8: =J8/'Parámetros'!$B$5 -> 0.016710582 | L8: =IF($C$15=0,0,C8/$C$15) -> 0.010425981 | M8: =MAX(0,L8+(L8-K8)/7*11) -> 0.0005501788
A9: ='Distritos 2024'!A9 -> CHANQUEAHUE | B9: ='Distritos 2024'!B9 -> rural | C9: ='Distritos 2024'!C9 -> 737 | D9: =ROUND(M9/SUM($M$4:$M$14)*$C$15*('Proyección Comunal'!$H$15/'Proyección Comunal'!$H$4),0) -> 0 | E9: =IF(C9=0,"",(D9-C9)/C9) -> -1 | F9: ='Distritos 2024'!I9 -> 121.4 | G9: =IF(F9="","",ROUND(F9*'Parámetros'!$B$21/'Parámetros'!$B$20,1)) -> 163 | H9: =IF(F9="","",G9-F9) -> 41.6 | J9: 1791 | K9: =J9/'Parámetros'!$B$5 -> 0.030446239 | L9: =IF($C$15=0,0,C9/$C$15) -> 0.013180014 | M9: =MAX(0,L9+(L9-K9)/7*11) -> 0
A10: ='Distritos 2024'!A10 -> LO DE LOBO | B10: ='Distritos 2024'!B10 -> rural | C10: ='Distritos 2024'!C10 -> 1114 | D10: =ROUND(M10/SUM($M$4:$M$14)*$C$15*('Proyección Comunal'!$H$15/'Proyección Comunal'!$H$4),0) -> 0 | E10: =IF(C10=0,"",(D10-C10)/C10) -> -1 | F10: ='Distritos 2024'!I10 -> 107.7 | G10: =IF(F10="","",ROUND(F10*'Parámetros'!$B$21/'Parámetros'!$B$20,1)) -> 144.6 | H10: =IF(F10="","",G10-F10) -> 36.9 | J10: 1937 | K10: =J10/'Parámetros'!$B$5 -> 0.032928177 | L10: =IF($C$15=0,0,C10/$C$15) -> 0.019922029 | M10: =MAX(0,L10+(L10-K10)/7*11) -> 0
A11: ='Distritos 2024'!A11 -> ROSARIO | B11: ='Distritos 2024'!B11 -> mixto | C11: ='Distritos 2024'!C11 -> 4696 | D11: =ROUND(M11/SUM($M$4:$M$14)*$C$15*('Proyección Comunal'!$H$15/'Proyección Comunal'!$H$4),0) -> 5119 | E11: =IF(C11=0,"",(D11-C11)/C11) -> 0.090076661 | F11: ='Distritos 2024'!I11 -> 74.7 | G11: =IF(F11="","",ROUND(F11*'Parámetros'!$B$21/'Parámetros'!$B$20,1)) -> 100.3 | H11: =IF(F11="","",G11-F11) -> 25.6 | J11: 4854 | K11: =J11/'Parámetros'!$B$5 -> 0.082515937 | L11: =IF($C$15=0,0,C11/$C$15) -> 0.083980114 | M11: =MAX(0,L11+(L11-K11)/7*11) -> 0.086280963
A12: ='Distritos 2024'!A12 -> APALTA | B12: ='Distritos 2024'!B12 -> mixto | C12: ='Distritos 2024'!C12 -> 1452 | D12: =ROUND(M12/SUM($M$4:$M$14)*$C$15*('Proyección Comunal'!$H$15/'Proyección Comunal'!$H$4),0) -> 823 | E12: =IF(C12=0,"",(D12-C12)/C12) -> -0.43319559 | F12: ='Distritos 2024'!I12 -> 107.2 | G12: =IF(F12="","",ROUND(F12*'Parámetros'!$B$21/'Parámetros'!$B$20,1)) -> 143.9 | H12: =IF(F12="","",G12-F12) -> 36.7 | J12: 1980 | K12: =J12/'Parámetros'!$B$5 -> 0.033659159 | L12: =IF($C$15=0,0,C12/$C$15) -> 0.025966594 | M12: =MAX(0,L12+(L12-K12)/7*11) -> 0.013878278
A13: ='Distritos 2024'!A13 -> ROSARIO PONIENTE | B13: ='Distritos 2024'!B13 -> rural | C13: ='Distritos 2024'!C13 -> 2069 | D13: =ROUND(M13/SUM($M$4:$M$14)*$C$15*('Proyección Comunal'!$H$15/'Proyección Comunal'!$H$4),0) -> 1377 | E13: =IF(C13=0,"",(D13-C13)/C13) -> -0.33446109 | F13: ='Distritos 2024'!I13 -> 87.8 | G13: =IF(F13="","",ROUND(F13*'Parámetros'!$B$21/'Parámetros'!$B$20,1)) -> 117.9 | H13: =IF(F13="","",G13-F13) -> 30.1 | J13: 2693 | K13: =J13/'Parámetros'!$B$5 -> 0.045779856 | L13: =IF($C$15=0,0,C13/$C$15) -> 0.037000608 | M13: =MAX(0,L13+(L13-K13)/7*11) -> 0.023204648
A14: ='Distritos 2024'!A14 -> ESMERALDA | B14: ='Distritos 2024'!B14 -> mixto | C14: ='Distritos 2024'!C14 -> 1910 | D14: =ROUND(M14/SUM($M$4:$M$14)*$C$15*('Proyección Comunal'!$H$15/'Proyección Comunal'!$H$4),0) -> 827 | E14: =IF(C14=0,"",(D14-C14)/C14) -> -0.56701571 | F14: ='Distritos 2024'!I14 -> 85.8 | G14: =IF(F14="","",ROUND(F14*'Parámetros'!$B$21/'Parámetros'!$B$20,1)) -> 115.2 | H14: =IF(F14="","",G14-F14) -> 29.4 | J14: 2766 | K14: =J14/'Parámetros'!$B$5 -> 0.047020824 | L14: =IF($C$15=0,0,C14/$C$15) -> 0.034157159 | M14: =MAX(0,L14+(L14-K14)/7*11) -> 0.013942827
A15: TOTAL COMUNA | C15: =SUM(C4:C14) -> 55918 | D15: =SUM(D4:D14) -> 61202 | E15: =(D15-C15)/C15 -> 0.094495511
A17: FÓRMULAS:
A18: • Pob. 2024 = vínculo a Distritos 2024. • Var.% = (Pob.2035 − Pob.2024)/Pob.2024.
A19: • Pob. 2035 = shift-share dinámico: participación 2035 (extrapolada de 2017→2024) normalizada × total georref. 2024 × crecimiento comunal Medio (H15/H4).
A20: • IE 2035 = IE 2024 × (IE comunal 2035 / IE comunal 2024). • Δ IE = IE 2035 − IE 2024.
A21: CORRECCIÓN METODOLÓGICA: el shift-share se ancla al crecimiento comunal (escenario Medio), por lo que el total distrital 2035 crece de forma consistente con la proyección comunal. La versión previa proyectaba un total distrital decreciente, inconsistente con la proyección comunal.
A22: Fuente: Elaboración propia. Censo 2024 + Censo 2017 (participaciones) + proyección comunal Medio.

Sheet Serie INE b2017
A1: Serie INE Base 2017 — Referencia
A3: Año | B3: INE original | C3: INE corregido
A4: 2002 | B4: 52595 | C4: =ROUND(B4*'Parámetros'!$B$14,0) -> 50691
A5: 2003 | B5: 53115 | C5: =ROUND(B5*'Parámetros'!$B$14,0) -> 51192
A6: 2004 | B6: 53637 | C6: =ROUND(B6*'Parámetros'!$B$14,0) -> 51695
A7: 2005 | B7: 54152 | C7: =ROUND(B7*'Parámetros'!$B$14,0) -> 52192
A8: 2006 | B8: 54667 | C8: =ROUND(B8*'Parámetros'!$B$14,0) -> 52688
A9: 2007 | B9: 55204 | C9: =ROUND(B9*'Parámetros'!$B$14,0) -> 53206
A10: 2008 | B10: 55791 | C10: =ROUND(B10*'Parámetros'!$B$14,0) -> 53771
A11: 2009 | B11: 56398 | C11: =ROUND(B11*'Parámetros'!$B$14,0) -> 54356
A12: 2010 | B12: 57015 | C12: =ROUND(B12*'Parámetros'!$B$14,0) -> 54951
A13: 2011 | B13: 57635 | C13: =ROUND(B13*'Parámetros'!$B$14,0) -> 55549
A14: 2012 | B14: 58252 | C14: =ROUND(B14*'Parámetros'!$B$14,0) -> 56143
A15: 2013 | B15: 58848 | C15: =ROUND(B15*'Parámetros'!$B$14,0) -> 56718
... A37: 2035 | B37: 69479 | C37: =ROUND(B37*'Parámetros'!$B$14,0) -> 66964
A39: FÓRMULA: INE corregido = INE original × factor de corrección (0,9638).

Sheet Metodología
A1: NOTA METODOLÓGICA
A3: FUENTES
A4: • Censo 2024 INE: base manzana-entidad GeoParquet, 894 registros, 218 variables.
A5: • Censo 2017 INE: 58.825 hab. | Censo 2002 INE: 50.830 hab.
A6: • Población oficial 2024: 63.620 hab. | Georreferenciados: 55.918 (87,9%).
A8: MÉTODOS DE PROYECCIÓN (todos implementados como fórmulas vivas en cada hoja)
A9: 1. Geométrico: P(t) = P₀ × (1 + r)^(t−2024), r = 1,0669%.
A10: 2. Polinomial cuadrático: P(t) = a + b·(t−2002) + c·(t−2002)², parábola por los 3 censos.
A11: 3. Logístico (Verhulst): P(t) = K / (1 + A·e^(−r·(t−2024))), K=122.101, A=0,928, r=1,896%.
A12: 4. INE corregido: serie EEPP base 2017 × factor 0,9638.
A13: 5. Componentes: P(t) = P(t−1)×(1 + tasa_neta/1000); tasa neta 5,855‰ en 2025, −0,325‰/año.
A14: (natalidad 12,2‰, mortalidad 6,0‰, migración +0,2‰ en el año base; el neto decrece por envejecimiento)
... A31: SECPLAC — PLADECO 2025–2035 — Mayo 2026

Sheet Parámetros
A1: PARÁMETROS Y SUPUESTOS DEL MODELO
A3: Parámetro | B3: Valor | C3: Unidad / Fuente
A4: Censo 2002 (INE) | B4: 50830 | C4: Censo 2002, INE
A5: Censo 2017 (INE) | B5: 58825 | C5: Censo 2017, INE
A6: Censo 2024 (INE) | B6: 63620 | C6: Censo 2024, INE
A7: Geométrico: tasa r | B7: 0.010669 | C7: Tasa media ponderada intercensal 2002-2024
A8: Polinomial: a | B8: =B4 -> 50830 | C8: Intercepto = P(2002)
A9: Polinomial: c | B9: =(22*(B5-B4)-15*(B6-B4))/(22*225-15*484) -> 6.9090909 | C9: Coef. cuadrático (parábola por 3 censos)
A10: Polinomial: b | B10: =((B5-B4)-225*B9)/15 -> 429.36364 | C10: Coef. lineal (parábola por 3 censos)
A11: Logístico: K (techo) | B11: 122101 | C11: Capacidad de carga (ajuste Verhulst, L-M)
A12: Logístico: A | B12: 0.92832 | C12: Parámetro de forma (ajuste Verhulst)
A13: Logístico: r | B13: 0.018962 | C13: Tasa intrínseca (ajuste Verhulst)
A14: INE: factor de corrección | B14: 0.9638 | C14: Ajuste EEPP base 2017 a Censo 2024
A15: Componentes: tasa neta inicial 2025 (‰) | B15: 5.855 | C15: Natalidad - mortalidad + migración neta, 2025
A16: Componentes: pendiente (‰/año) | B16: -0.3248 | C16: Descenso anual de la tasa neta (envejecimiento)
A17: Estructura: 0-14 en 2024 | B17: 12203 | C17: Censo 2024, calibración INE
A18: Estructura: 15-64 en 2024 | B18: 42621 | C18: Censo 2024, calibración INE
A19: Estructura: 65+ en 2024 | B19: 8796 | C19: Censo 2024, calibración INE
A20: Comuna: IE 2024 | B20: =ROUND(B19/B17*100,1) -> 72.1 | C20: Índice de envejecimiento comunal 2024
A21: Comuna: IE 2035 (Medio) | B21: ='Estructura Etaria'!H15 -> 96.8 | C21: Vínculo: IE comunal proyectado 2035
A23: LEYENDA
A24: Azul = dato de entrad
A25: Negro = fórmula de cálculo
A26: Verde = vínculo entre hojas
